artist,total_views,100m,avg
BTS,27947900000,63.0,7.37
Bad Bunny,27573400000,66.0,14.56
Justin Bieber,27399700000,37.0,3.99
Ed Sheeran,26894000000,39.0,4.61
Taylor Swift,24350000000,38.0,5.72
Shakira,23961800000,43.0,7.84
Katy Perry,23553400000,25.0,3.18
Ozuna,22524800000,49.0,4.93
Eminem,20937700000,38.0,5.84
Ariana Grande,20618500000,37.0,3.37
Daddy Yankee,20485200000,41.0,4.54
J Balvin,20436900000,34.0,3.19
Blackpink,20082000000,32.0,8.63
Maroon 5,19430100000,30.0,3.26
Rihanna,18683800000,33.0,3.91
Maluma,18479800000,30.0,3.11
The Weeknd,17668900000,30.0,8.52
Bruno Mars,16897500000,20.0,4.19
Marília Mendonça,16515800000,53.0,6.4
Enrique Iglesias,16395200000,29.0,2.66
David Guetta,15484600000,29.0,3.74
Nicky Jam,14982500000,29.0,1.67
Coldplay,14849000000,21.0,4.05
Beyoncé,14681400000,37.0,2.95
Calvin Harris,14270500000,22.0,2.09
Luis Fonsi,14242400000,12.0,1.57
Romeo Santos,14113200000,26.0,4.77
Marshmello,14020700000,29.0,2.72
Karol G,13981800000,26.0,6.59
Imagine Dragons,13444200000,18.0,4.88
Henrique e Juliano,13210100000,37.0,4.97
Chris Brown,13165000000,37.0,3.84
Lady Gaga,13156000000,28.0,4.27
Gusttavo Lima,12899100000,35.0,4.19
The Chainsmokers,12561500000,19.0,1.6
Guru Randhawa,12413400000,33.0,21.63
Alan Walker,12329800000,18.0,2.47
Adele,12329600000,17.0,2.6
Wiz Khalifa,12175300000,13.0,1.9
Anuel AA,12111800000,23.0,7.48
Pitbull,11989900000,21.0,2.08
One Direction,11904400000,18.0,1.78
Banda MS,11847700000,26.0,2.66
TWICE,11667000000,24.0,3.68
Michael Jackson,11662200000,23.0,3.42
Sia,11545700000,17.0,2.52
Post Malone,11345700000,18.0,3.21
Neha Kakkar,11283500000,20.0,2.44
Gummibär,11225700000,13.0,2.72
Selena Gomez,11062800000,29.0,3.54
Linkin Park,11044500000,25.0,2.68
Shawn Mendes,10923600000,16.0,2.01
Arijit Singh,10850300000,23.0,3.16
YoungBoy Never Broke Again,10593700000,26.0,4.87
Drake,10361200000,18.0,3.22
Billie Eilish,10290200000,22.0,3.04
twenty one pilots,10147700000,14.0,2.03
Zé Neto e Cristiano,10133500000,26.0,1.72
Los Ángeles Azules,10070700000,26.0,4.09
PSY,9970600000,10.0,2.22
Yo Yo Honey Singh,9522400000,32.0,3.36
Jennifer Lopez,9282300000,24.0,1.63
Becky G,9280800000,11.0,1.74
Dua Lipa,9258100000,16.0,2.84
The Black Eyed Peas,9223400000,19.0,2.5
Avicii,9135600000,17.0,1.55
Queen,9081000000,16.0,1.88
Sebastián Yatra,9012300000,19.0,2.76
Nicki Minaj,9000900000,26.0,2.02
Rauw Alejandro,8927200000,20.0,5.19
Major Lazer,8826700000,12.0,1.19
XXXTENTACION,8823300000,18.0,1.62
DJ Snake,8530600000,13.0,1.89
Charlie Puth,8393299999,10.0,1.95
Jorge & Mateus,8380299999,22.0,2.69
Sam Smith,8294600000,13.0,2.19
Future,8146900000,13.0,2.3
Farruko,8116800000,20.0,2.19
Jason Derulo,8105500000,22.0,1.05
BIGBANG,8046300000,21.0,1.04
50 Cent,8010800000,15.0,2.61
Skrillex,7946000000,16.0,0.89
Martin Garrix,7827200000,14.0,1.2
Badshah,7822300000,16.0,2.78
Miley Cyrus,7750100000,19.0,1.6
Wesley Safadão,7529700000,15.0,3.06
MattyB,7424600000,21.0,1.34
Reik,7315100000,20.0,2.48
Fifth Harmony,7313400000,8.0,1.01
Anitta,7278000000,22.0,1.72
Natti Natasha,7199600000,13.0,1.78
6ix9ine,7164400000,14.0,0.96
HA-ASH,7159500000,16.0,1.82
Meghan Trainor,7135300000,7.0,1.99
CantaJuego,7133600000,12.0,2.27
Paulo Londra,7086400000,15.0,2.37
Britney Spears,7029700000,25.0,1.47
Guns N' Roses,7020600000,8.0,1.78
Arcangel,7017400000,14.0,4.78
Crazy Frog,6960400000,12.0,3.98
Clean Bandit,6930800000,8.0,0.97
P!nk,6849000000,18.0,1.52
Chino & Nacho,6823400000,13.0,0.96
Little Mix,6732300000,17.0,1.0
Migos,6721100000,11.0,1.39
Matheus & Kauan,6714900000,16.0,1.97
Don Omar,6702800000,15.0,2.37
Christian Nodal,6622500000,17.0,3.27
CNCO,6618300000,14.0,0.66
Cardi B,6573800000,12.0,0.96
Mariah Carey,6559400000,16.0,1.82
AC/DC,6536900000,13.0,1.75
OneRepublic,6517600000,10.0,1.66
Demi Lovato,6432400000,13.0,0.62
Kevin Gates,6404700000,11.0,1.55
Ricky Martin,6390700000,10.0,0.9
Piso 21,6375300000,10.0,1.84
Maître Gims,6325500000,17.0,1.4
Juice WRLD,6317200000,13.0,2.54
Idina Menzel,6308300000,7.0,2.6
Boyce Avenue,6300300000,10.0,0.96
Prince Royce,6246800000,14.0,1.78
Ellie Goulding,6235100000,10.0,0.67
EXO,6215500000,16.0,0.96
DJ Khaled,6195100000,11.0,1.04
Justin Timberlake,6105600000,12.0,1.14
Thalia,6024000000,12.0,1.07
Travis Scott,6007900000,14.0,1.37
Sidhu Moose Wala,5992200000,18.0,5.75
Lil Baby,5916000000,18.0,3.23
Jass Manak,5887300000,15.0,1.51
Inna,5866900000,15.0,1.42
Cartel de Santa,5816600000,18.0,2.08
Patati Patatá,5791600000,13.0,2.34
Maiara & Maraisa,5785900000,12.0,1.96
Red Hot Chili Peppers,5764100000,12.0,1.59
Calibre 50,5736500000,15.0,2.26
Haschak Sisters,5670800000,16.0,0.5
Bon Jovi,5623100000,9.0,1.46
Myke Towers,5616200000,11.0,2.45
Mark Ronson,5591500000,3.0,1.22
Pentatonix,5583600000,13.0,0.55
Wisin,5578500000,12.0,0.96
Camila Cabello,5571800000,12.0,0.86
Nio García,5471400000,8.0,0.92
Avril Lavigne,5456000000,16.0,1.04
Metallica,5430200000,7.0,1.59
Juan Gabriel,5426800000,11.0,1.51
Lana Del Rey,5409700000,12.0,1.72
Hariharan,5345600000,8.0,4.08
Yasmin Verissimo,5341800000,15.0,2.46
Manuel Turizo,5332800000,10.0,2.93
Ricardo Arjona,5268800000,8.0,1.77
Kodak Black,5246100000,13.0,1.73
Lil Nas X,5200800000,10.0,1.32
MC Kevinho,5188900000,12.0,0.25
Marc Anthony,5173600000,13.0,1.5
Luan Santana,5164400000,14.0,1.81
Wisin & Yandel,5158600000,14.0,1.87
Sean Paul,5116400000,11.0,1.48
G-Eazy,5114200000,8.0,0.92
Akon,5107600000,9.0,1.82
Camilo,5094400000,14.0,1.38
Jessie J,5083800000,9.0,0.66
Madonna,5062400000,11.0,1.76
Lil Wayne,5050100000,8.0,1.14
Mohamed Ramadan,5007800000,8.0,0.84
Carlos Vives,4959300000,6.0,1.12
Tyga,4941100000,7.0,1.0
Whitney Houston,4918700000,10.0,1.89
Kygo,4910100000,11.0,1.0
Hillsong Worship,4831700000,10.0,2.16
Macklemore & Ryan Lewis,4823800000,8.0,0.62
Girls' Generation,4708200000,10.0,0.72
Aventura,4707800000,16.0,2.14
Jul,4703400000,4.0,1.75
Khalid,4662600000,10.0,0.88
LMFAO,4657400000,5.0,0.55
Jesse & Joy,4655900000,10.0,1.04
Plan B,4624100000,13.0,1.25
Maná,4607000000,14.0,1.43
Flo Rida,4604600000,10.0,0.83
Machine Gun Kelly,4552100000,10.0,1.21
Grupo Firme,4523100000,14.0,3.74
ZAYN,4503500000,5.0,0.86
Simone & Simaria,4482700000,9.0,0.86
Sech,4477600000,11.0,1.1
Doja Cat,4476900000,15.0,2.26
Rahat Fateh Ali Khan,4475000000,10.0,1.74
Adexe & Nau,4462800000,8.0,0.42
Usher,4458700000,13.0,1.21
Nirvana,4453900000,7.0,1.38
Lil Pump,4440700000,11.0,0.31
Jubin Nautiyal,4428700000,6.0,1.27
Saad Lamjarred,4331200000,10.0,0.97
Kanye West,4329400000,15.0,1.0
Pablo Alborán,4326300000,11.0,1.04
Silvestre Dangond,4290600000,7.0,0.95
Rosalía,4287700000,6.0,2.25
Kenshi Yonezu,4252899999,12.0,1.49
Stray Kids,4250800000,8.0,3.8
El Chombo,4197399999,1.0,1.39
Rammstein,4193300000,12.0,1.71
Illslick,4188800000,9.0,1.27
Backstreet Boys,4175100000,9.0,1.48
Meet Bros,4173800000,12.0,1.08
Elissa,4124000000,6.0,1.86
Kevin Roldan,4076200000,11.0,1.03
Pop Smoke,4065600000,8.0,1.66
Gorillaz,4064400000,10.0,1.14
Harry Styles,4049700000,9.0,2.26
Passenger,4033400000,1.0,0.62
Morat,4011300000,8.0,2.38
Dhanush,4002000000,5.0,1.68
Hussain Al Jassmi,3984000000,7.0,1.3
Zion & Lennox,3964300000,7.0,1.17
Rae Sremmurd,3933300000,9.0,0.36
Hungria Hip Hop,3866400000,13.0,1.54
Halsey,3864100000,8.0,0.91
NCT,3809600000,9.0,1.17
Monkan Kankoon,3792600000,10.0,1.79
Atif Aslam,3782200000,9.0,1.01
Panic! at the Disco,3777900000,6.0,0.48
Céline Dion,3749300000,10.0,1.56
21 Savage,3741600000,8.0,1.1
El Alfa,3740900000,7.0,1.62
Kendrick Lamar,3728100000,12.0,0.85
Iggy Azalea,3726600000,9.0,0.34
Alejandro Fernández,3719500000,6.0,1.12
TINI,3715300000,13.0,2.17
J.Fla,3701800000,6.0,0.35
La Adictiva Banda San José de Mesillas,3687400000,7.0,1.28
System of a Down,3680400000,8.0,1.07
Bryan Adams,3668600000,10.0,1.29
Slipknot,3656300000,10.0,1.06
Kurt Hugo Schneider,3635200000,4.0,0.22
Lil Uzi Vert,3634500000,8.0,1.27
Nour Al Zain,3625100000,8.0,0.59
Melendi,3609100000,4.0,1.15
Mon Laferte,3606400000,8.0,1.4
DaBaby,3592000000,7.0,0.76
Nickelback,3578900000,11.0,0.76
Carlos Rivera,3571300000,11.0,1.22
Nelly,3570300000,7.0,1.16
Chayanne,3555500000,11.0,0.88
Yandel,3544300000,7.0,1.45
Christina Aguilera,3523300000,10.0,0.77
Dalex,3521800000,8.0,1.14
Lil Durk,3520800000,3.0,1.98
Lindsey Stirling,3509300000,8.0,0.57
Cali y El Dandee,3504600000,7.0,0.72
Ariel Camacho y Los Plebes Del Rancho,3502800000,8.0,0.58
Jonas Blue,3495900000,7.0,0.63
Yuridia,3482000000,7.0,4.55
Santa Fe Klan,3459600000,6.0,2.64
Arctic Monkeys,3433400000,6.0,1.03
Bruno e Marrone,3431900000,5.0,1.09
Violetta,3428500000,4.0,0.26
Young Thug,3425000000,8.0,0.93
John Legend,3419400000,4.0,0.52
Bebe Rexha,3400200000,5.0,0.55
Banda Los Recoditos,3399600000,11.0,0.59
Tiësto,3393000000,8.0,1.32
Melanie Martinez,3386700000,11.0,0.72
Christina Perri,3366400000,3.0,0.55
MC Livinho,3359500000,10.0,0.26
Ludmilla,3322000000,8.0,2.13
Meek Mill,3301200000,6.0,0.79
Little Big,3288300000,8.0,1.18
Marco Antonio Solís,3277000000,12.0,1.15
Pulcino Pio,3270100000,6.0,0.47
C-Kan,3269300000,7.0,0.71
Danny Ocean,3264300000,5.0,0.92
Seventeen,3260100000,3.0,2.31
Jhay Cortez,3259300000,3.0,1.12
Pharrell Williams,3258500000,6.0,0.58
Evanescence,3257000000,6.0,0.84
GOT7,3241300000,8.0,0.29
Green Day,3219400000,7.0,0.78
Cosculluela,3189600000,5.0,0.95
Alejandro Sanz,3183500000,5.0,0.68
Emiway Bantai,3168800000,7.0,0.97
Pedro Capó,3161300000,2.0,0.61
Zedd,3160800000,10.0,0.46
Stromae,3151200000,6.0,1.0
Lil Peep,3142800000,8.0,0.92
LP,3122700000,6.0,1.18
Vishal Dadlani,3122200000,9.0,0.72
Alicia Keys,3101600000,6.0,0.74
Luis Miguel,3089700000,8.0,1.24
Gucci Mane,3047300000,3.0,0.69
Abba,3045900000,7.0,1.32
Khea,3010000000,10.0,0.57
Gerardo Ortiz,2993700000,9.0,0.56
Ciara,2980900000,10.0,0.6
James Arthur,2980500000,4.0,0.86
Naiara Azevedo,2973600000,8.0,0.37
Gustavo Mioto,2969600000,7.0,1.3
Tribo da Periferia,2968800000,6.0,1.1
Armin van Buuren,2967400000,4.0,0.68
Río Roma,2956200000,8.0,0.77
Harrdy Sandhu,2945200000,7.0,0.67
Brytiago,2945000000,7.0,0.66
Alex Rose,2917000000,6.0,1.06
Red Velvet,2916900000,12.0,0.58
Jay Chou,2915200000,4.0,0.77
Paramore,2911000000,10.0,0.59
Camila,2903800000,9.0,0.54
French Montana,2902300000,3.0,0.62
Soolking,2899900000,7.0,1.2
The Beatles,2893800000,9.0,0.96
Aviões do Forró,2882500000,6.0,0.77
Bryant Myers,2878900000,10.0,1.25
Bee Gees,2854400000,6.0,1.33
Ne-Yo,2842200000,10.0,0.73
La Oreja de Van Gogh,2833900000,5.0,1.13
Calle 13,2830000000,9.0,0.53
Mac Miller,2813700000,5.0,0.68
Gente De Zona,2800300000,4.0,0.49
Dr. Dre,2799200000,5.0,0.94
Udit Narayan,2798200000,8.0,0.75
La Arrolladora Banda El Limón De René Camacho,2784500000,7.0,0.81
Five Finger Death Punch,2784100000,9.0,0.82
Greeicy,2775400000,8.0,0.84
Kratai Phannipha,2770200000,6.0,0.37
Aerosmith,2761600000,5.0,0.87
Zoé,2756300000,6.0,0.81
MAGIC!,2746500000,2.0,0.42
Soprano,2736200000,10.0,0.43
Zara Larsson,2729600000,4.0,0.3
Modern Talking,2723000000,7.0,1.1
La Trakalosa de Monterrey,2721100000,7.0,0.42
Aya Nakamura,2715200000,5.0,0.8
Gabriela Rocha,2703200000,4.0,0.96
Childish Gambino,2699800000,6.0,0.69
Labanoon,2698700000,6.0,0.28
L'Algérino,2694400000,8.0,0.29
Dilsinho,2687000000,4.0,0.68
Feid,2669100000,8.0,6.68
The Cranberries,2667000000,5.0,0.86
Son Tung M-TP,2660600000,11.0,0.61
Dimitri Vegas & Like Mike,2637100000,3.0,0.29
T.I.,2632100000,6.0,0.43
Ankush Raja,2625100000,6.0,1.23
Fetty Wap,2615400000,7.0,0.33
The Lonely Island,2603500000,9.0,0.17
A$AP Rocky,2599500000,4.0,0.7
Daft Punk,2587000000,5.0,0.73
MCs Zaac & Jerry,2585800000,8.0,0.23
Amr Diab,2584400000,3.0,0.41
will.i.am,2582000000,6.0,0.3
Jesús Adrián Romero,2577000000,7.0,0.87
Fall Out Boy,2572400000,6.0,0.42
Zé Felipe,2553000000,8.0,2.4
Robin Schulz,2552600000,6.0,0.58
Oasis,2538500000,7.0,0.6
Franco De Vita,2537400000,8.0,0.64
5 Seconds of Summer,2537000000,5.0,0.38
YNW Melly,2534200000,5.0,0.61
Swedish House Mafia,2525600000,5.0,0.46
Luke Combs,2522200000,6.0,1.08
Westlife,2515000000,6.0,0.84
Anne-Marie,2514700000,6.0,0.93
Ferrugem,2511500000,6.0,0.79
Jon Z,2505300000,5.0,0.97
Gloria Trevi,2501300000,5.0,0.64
Mustafa Ceceli,2495000000,7.0,0.7
Mamamoo,2494400000,4.0,0.62
Turma do Pagode,2482800000,6.0,0.65
Ava Max,2479700000,5.0,1.31
David Bisbal,2450600000,6.0,0.47
R. Kelly,2449000000,6.0,0.11
Felipe Araújo,2433900000,6.0,0.58
Jay Wheeler,2433500000,4.0,1.33
Tarkan,2430800000,4.0,0.68
The Pussycat Dolls,2429500000,8.0,0.7
Dhvani Bhanushali,2403500000,2.0,0.57
Polo G,2402300000,5.0,0.87
Foo Fighters,2397000000,6.0,0.53
Calum Scott,2396700000,4.0,0.7
Lukas Graham,2395400000,4.0,0.44
Trey Songz,2390500000,4.0,0.33
Miyagi,2384700000,4.0,1.49
Mau y Ricky,2375800000,3.0,0.8
Kelly Clarkson,2374700000,4.0,0.45
Selena,2362700000,7.0,0.97
Koray Avcı,2353900000,7.0,0.25
Gera MX,2349800000,3.0,1.06
Carla Morrison,2333700000,5.0,0.9
George Michael,2330800000,5.0,1.04
Sean Kingston,2327000000,4.0,0.72
Muse,2326400000,6.0,0.46
Luke Bryan,2321200000,7.0,0.35
Leningrad,2309300000,6.0,0.33
Super Junior,2295400000,7.0,0.37
De La Ghetto,2271500000,3.0,0.47
YG,2265600000,6.0,0.36
Roddy Ricch,2262900000,6.0,0.66
Avenged Sevenfold,2262800000,7.0,0.56
Carly Rae Jepsen,2255900000,2.0,0.31
Elton John,2250200000,6.0,1.4
iKON,2247100000,3.0,0.32
Alka Yagnik,2241600000,6.0,0.7
J. Cole,2241400000,6.0,0.78
Snoop Dogg,2233700000,7.0,0.54
Rita Ora,2229900000,4.0,0.29
Disturbed,2216700000,3.0,0.64
Desiigner,2215500000,4.0,0.27
Tones and I,2212600000,1.0,0.48
Gotye,2205000000,1.0,0.6
Zé Vaqueiro,2203100000,7.0,0.99
a-ha,2202900000,1.0,0.75
Diego & Victor Hugo,2200200000,7.0,0.64
A Boogie wit da Hoodie,2191100000,3.0,0.67
Logic,2184200000,3.0,0.19
Juanes,2177100000,8.0,0.56
Projota,2175800000,5.0,0.27
Kendji Girac,2175600000,8.0,0.47
2NE1,2166100000,2.0,0.24
Piccolo Coro dell'Antoniano,2154600000,3.0,0.68
Lunay,2144199999,6.0,0.45
Lil Dicky,2138000000,4.0,0.26
Rod Stewart,2136699999,4.0,1.11
Rag'n'Bone Man,2131800000,2.0,0.68
U2,2130800000,5.0,0.71
Megan Thee Stallion,2129400000,8.0,0.6
Hassan Shakosh,2121699999,5.0,0.35
Tove Lo,2116000000,3.0,0.47
K-ICM,2115800000,5.0,0.15
MC Pedrinho,2114400000,7.0,0.21
Sorriso Maroto,2095699999,4.0,0.64
The Script,2091400000,5.0,0.36
Danna Paola,2090300000,4.0,0.58
Mike Posner,2080000000,2.0,0.33
Ke$ha,2078300000,6.0,0.24
Silentó,2059300000,1.0,0.13
MC Fioti,2058800000,1.0,0.22
Himesh Reshammiya,2052199999,3.0,1.31
Amy Winehouse,2049100000,4.0,0.68
MC Kekel,2048199999,6.0,0.1
ITZY,2035100000,7.0,1.01
Tory Lanez,2033100000,2.0,0.55
Shreya Ghoshal,2032500000,5.0,0.67
Michel Teló,2028000000,2.0,0.26
Kane Brown,2027900000,3.0,0.57
Capital Bra,2015600000,2.0,0.29
Tierry,2015500000,3.0,0.85
Zack Knight,2014300000,3.0,0.54
Andrea Bocelli,2013500000,4.0,0.69
Nelly Furtado,2011500000,4.0,0.66
Pabllo Vittar,1999100000,5.0,0.25
Andra,1998500000,4.0,0.2
MC Davo,1996000000,5.0,0.57
Olivia Rodrigo,1995700000,5.0,0.97
Joey Montana,1989900000,2.0,0.17
Lorde,1989800000,4.0,0.2
Eduardo Costa,1985200000,4.0,0.54
AKB48,1984400000,2.0,0.2
Skillet,1983400000,4.0,0.55
Indila,1982000000,4.0,0.88
Darshan Raval,1973400000,4.0,0.54
Lucas Lucco,1972600000,7.0,0.39
YOUNGOHM,1969000000,7.0,0.77
The Killers,1962100000,6.0,0.39
blink-182,1962000000,5.0,0.45
Big Sean,1959900000,5.0,0.16
Lartiste,1954500000,3.0,0.26
Cocktail,1947400000,7.0,0.38
JoJo Siwa,1941600000,4.0,0.21
Jason Mraz,1934700000,5.0,0.34
Jessi Uribe,1932000000,5.0,1.0
Kid Ink,1930900000,3.0,0.21
Cyndi Lauper,1930700000,3.0,0.54
Timati,1928600000,2.0,0.54
Hala Al Turk,1923400000,6.0,0.24
Laura Pausini,1922200000,2.0,0.41
Shania Twain,1919200000,6.0,0.69
Luciano Pereyra,1912000000,3.0,0.57
Michael Bublé,1909600000,5.0,0.32
Timbaland,1904900000,6.0,0.7
Fergie,1899000000,6.0,0.4
Juan Magan,1898200000,5.0,0.24
Mohamed Alsalim,1897800000,3.0,0.54
Banda El Recodo De Cruz Lizárraga,1895600000,5.0,0.38
Natalia Lafourcade,1893900000,5.0,0.79
Depeche Mode,1890800000,4.0,0.63
Balti,1890400000,3.0,0.65
Imran Khan,1888600000,4.0,0.89
Alvaro Soler,1886600000,4.0,0.31
Lewis Capaldi,1880300000,4.0,1.0
Sabyan,1878800000,6.0,0.15
Alemán,1875100000,3.0,1.05
Sin Bandera,1866700000,6.0,0.5
B Praak,1863100000,3.0,0.23
Remmy Valenzuela,1862400000,6.0,0.44
Ceca,1861600000,Não informado,0.35
MC Kevin,1853600000,4.0,0.62
OMI,1853500000,3.0,0.28
Florida Georgia Line,1852100000,5.0,0.21
Canserbero,1851400000,4.0,1.0
Hozier,1840000000,2.0,0.55
Lil Tjay,1835700000,3.0,0.72
Ricardo Montaner,1829600000,3.0,0.46
Radiohead,1828100000,2.0,0.79
Cristiano Araújo,1826900000,6.0,0.21
Galantis,1825800000,4.0,0.17
Niska,1825000000,4.0,0.43
Paula Fernandes,1822800000,3.0,0.44
Jason Aldean,1819900000,3.0,0.47
Palak Muchhal,1811400000,3.0,0.47
Chris Jeday,1803900000,3.0,0.69
Roxette,1801600000,3.0,0.52
Black M,1798100000,6.0,0.15
(G)I-DLE,1797700000,7.0,1.66
IU,1792600000,6.0,0.39
Arash,1790600000,4.0,0.57
Via Vallen,1787500000,3.0,0.08
Hailee Steinfeld,1782200000,6.0,0.26
Three Days Grace,1780400000,4.0,0.42
Soulja Boy Tell'em,1780100000,2.0,0.2
PNL,1775600000,6.0,0.34
Alok,1773200000,2.0,0.64
Maria Becerra,1766200000,6.0,2.35
The Game,1764700000,5.0,0.38
Abraham Mateo,1760900000,3.0,0.41
Bryson Tiller,1760700000,4.0,0.46
Blake Shelton,1760600000,3.0,0.33
AronChupa,1758000000,3.0,0.23
Eros Ramazzotti,1757600000,4.0,0.63
James Blunt,1757100000,2.0,0.43
Naughty Boy,1751200000,2.0,0.21
Marcos & Belutti,1745300000,4.0,0.26
SHINee,1735600000,2.0,0.27
R.E.M.,1734900000,2.0,0.57
2 Chainz,1728700000,5.0,0.28
Vremya i Steklo,1721800000,5.0,0.14
Lata Mangeshkar,1720700000,6.0,0.45
İrem Derici,1717300000,3.0,0.32
Scorpions,1715300000,2.0,0.44
Raymix,1712500000,3.0,0.38
ONE OK ROCK,1711700000,3.0,0.38
Zouhair Bahaoui,1705700000,3.0,0.49
Raí Saia Rodada,1702900000,4.0,0.48
Rick Astley,1697500000,2.0,0.5
My Chemical Romance,1689800000,7.0,0.51
Rick Ross,1687200000,3.0,0.34
B.o.B,1687100000,2.0,0.3
Korn,1686000000,3.0,0.49
Lil Skies,1683500000,4.0,0.18
El Komander,1679200000,3.0,0.26
Naps,1671700000,5.0,0.47
Nella Kharisma,1671300000,5.0,0.14
Shaggy,1663300000,6.0,0.42
Noriel,1661300000,3.0,0.4
Bruce Springsteen,1653900000,3.0,0.63
"Earth, Wind & Fire",1649200000,3.0,0.56
Foster The People,1645900000,3.0,0.37
3 Doors Down,1641700000,3.0,0.4
Boney M.,1637700000,3.0,1.04
Getsunova,1633900000,5.0,0.18
Mary J. Blige,1630100000,4.0,0.66
Joyner Lucas,1620700000,1.0,0.36
2CELLOS,1619400000,1.0,0.33
Destiny's Child,1617900000,7.0,0.43
Last Child,1615900000,4.0,0.71
Lauv,1610500000,4.0,0.37
Robbie Williams,1605300000,4.0,0.28
Jonas Brothers,1597600000,3.0,0.2
Lauana Prado,1595800000,3.0,0.61
Toni Braxton,1595000000,3.0,0.58
Sofia Reyes,1590300000,3.0,0.51
Wham!,1580500000,2.0,0.31
Jeremih,1580000000,6.0,0.29
J Alvarez,1579400000,2.0,0.39
Ella Mai,1579300000,4.0,0.44
Burna Boy,1578500000,3.0,1.59
Marilyn Manson,1576300000,3.0,0.36
Audioslave,1576100000,3.0,0.49
Afrojack,1572900000,3.0,0.1
Lê Bảo Bình,1572000000,4.0,0.38
Manuel Medrano,1566900000,3.0,0.4
The Notorious B.I.G.,1560100000,4.0,0.79
Israel Kamakawiwo'ole,1558200000,2.0,0.3
T-Pain,1552800000,5.0,0.43
The Police,1549700000,3.0,0.57
JD Pantoja,1548700000,4.0,0.32
MC WM,1542200000,5.0,0.09
Fun.,1542200000,3.0,0.28
Demet Akalın,1541500000,2.0,0.17
Wolfine,1534000000,2.0,0.27
Israel & Rodolffo,1527800000,1.0,1.65
Andy Rivera,1527000000,3.0,0.58
MHD,1525000000,5.0,0.24
Mỹ Tâm,1521700000,2.0,0.27
Die Antwoord,1519300000,5.0,0.21
Reynmen,1516000000,3.0,0.25
Elvis Presley,1513600000,1.0,0.78
Kehlani,1512900000,2.0,0.32
Santana,1490900000,3.0,0.57
Ty Dolla $ign,1487900000,1.0,0.23
No Doubt,1486700000,2.0,0.39
Renuka Panwar,1483500000,1.0,0.31
4 Non Blondes,1479900000,1.0,0.56
Alexandra Stan,1476000000,5.0,0.24
Kany García,1474900000,4.0,0.92
Kid Rock,1467800000,2.0,0.46
Carrie Underwood,1460800000,1.0,0.23
Toto,1456700000,3.0,0.65
Mannat Noor,1452800000,1.0,0.22
Rombai,1443900000,4.0,0.2
Tom Odell,1443300000,2.0,1.09
Fernandinho,1437400000,2.0,0.82
4Minute,1428600000,4.0,0.13
Abel Pintos,1428100000,1.0,0.35
SISTAR,1425700000,4.0,0.16
Buray,1423800000,7.0,0.35
Thiaguinho,1423400000,2.0,0.62
R3HAB,1422500000,2.0,0.22
Grupo Revelação,1420600000,2.0,0.54
Mano Walter,1420100000,3.0,0.14
Europe,1417600000,2.0,0.37
Yo Gotti,1414700000,4.0,0.24
Bé Bảo An,1411300000,4.0,0.38
Tainy,1410000000,3.0,0.4
Alessia Cara,1409400000,4.0,0.21
Troye Sivan,1409000000,2.0,0.2
Jenni Rivera,1408300000,2.0,0.02
Willy William,1406900000,2.0,0.32
Kids United,1406800000,3.0,0.31
Carla's Dreams,1400800000,Não informado,0.36
Dwayne Johnson,1400600000,1.0,1.17
L.กฮ.,1397400000,5.0,0.45
C. Tangana,1396900000,3.0,0.36
Sunidhi Chauhan,1394400000,3.0,0.22
Ñengo Flow,1388800000,4.0,0.82
Radwimps,1386700000,3.0,0.48
Damas Gratis,1384500000,4.0,0.76
G.E.M.,1381600000,4.0,0.23
Milky Chance,1380100000,3.0,0.41
The Kid LAROI,1379900000,2.0,0.78
Banda Carnaval,1379800000,1.0,0.25
Hande Yener,1378600000,3.0,0.18
Aqua,1377200000,1.0,0.54
Kong Huayrai,1375900000,4.0,0.43
Sherine,1375500000,5.0,0.58
Hadise,1374100000,5.0,0.23
Owl City,1373300000,2.0,0.22
MC G15,1372300000,5.0,0.08
Kings Of Leon,1367300000,2.0,0.3
J-Ax,1365400000,2.0,0.12
Pang Nakarin,1365000000,4.0,0.17
Akcent (Romania),1362600000,1.0,0.22
Rudimental,1361900000,3.0,0.18
OutKast,1361400000,3.0,0.38
Gigi D'Agostino,1360500000,3.0,0.38
Melim,1359100000,2.0,0.4
Preto no Branco,1355400000,2.0,0.33
Marwa Loud,1353600000,5.0,0.47
Ryan Castro,1352700000,5.0,1.4
Fernando & Sorocaba,1342200000,1.0,0.14
Flume,1338900000,3.0,0.23
Bonnie Tyler,1336000000,3.0,0.47
Natiruts,1331500000,3.0,0.55
Auli'i Cravalho,1329300000,2.0,0.62
MC Lan,1328900000,2.0,0.05
Alejandra Guzmán,1328400000,3.0,0.23
Ylvis,1325500000,1.0,0.14
Armaan Malik,1322700000,3.0,0.35
YFN Lucci,1320200000,2.0,0.31
Sexion D'Assaut,1317400000,2.0,0.16
Rvssian,1315200000,3.0,0.29
Pedro Sampaio,1310900000,4.0,0.57
Sila,1304600000,2.0,0.25
Taio Cruz,1300900000,5.0,0.16
The Lumineers,1299500000,4.0,0.3
Vitor Fernandes,1299400000,3.0,0.53
Gülşen,1296500000,4.0,0.26
Baby Rasta y Gringo,1295600000,1.0,0.29
Mahahing,1294700000,4.0,0.13
Gwen Stefani,1293300000,4.0,0.25
Alexis y Fido,1291700000,3.0,0.5
Billy Joel,1287100000,3.0,0.44
Emrah Karaduman,1286500000,3.0,0.15
Duke Dumont,1286300000,2.0,0.28
L-Gante,1281300000,1.0,0.58
John Newman,1278300000,1.0,0.27
Dennis,1277600000,2.0,0.15
Phil Collins,1277600000,2.0,0.37
Jhené Aiko,1274900000,2.0,0.41
El Bebeto,1271400000,2.0,0.19
Lenny Kravitz,1271400000,3.0,0.38
IZA,1270300000,5.0,0.4
Era Istrefi,1269500000,1.0,0.54
Nego do Borel,1269000000,3.0,0.06
Young M.A,1267700000,2.0,0.17
León Larregui,1264300000,4.0,0.34
SZA,1264000000,4.0,4.93
Yelawolf,1262100000,2.0,0.41
Mike WiLL Made-It,1261900000,1.0,0.12
Thomas Rhett,1261400000,2.0,0.17
Tiago PZK,1261200000,3.0,0.97
Sting,1260200000,3.0,0.55
The Neighbourhood,1255200000,1.0,0.55
Jads & Jadson,1252200000,1.0,0.23
Kim Loaiza,1252100000,4.0,1.25
Sharry Mann,1251100000,3.0,0.31
Thirty Seconds to Mars,1247200000,3.0,0.18
João Gomes,1247200000,4.0,1.73
Ayo & Teo,1247000000,2.0,0.09
WINNER,1244000000,1.0,0.12
NerdOut,1243100000,1.0,0.21
OG-ANIC,1241300000,4.0,0.19
Keyshia Cole,1241100000,5.0,0.32
Reykon,1236000000,2.0,0.16
Train,1233300000,4.0,0.2
Bruno e Barretto,1229500000,2.0,0.26
Carlos Baute,1229300000,1.0,0.24
Shaan,1229300000,2.0,0.88
Andrés Cepeda,1227400000,3.0,0.27
Florence + The Machine,1226400000,2.0,0.18
Limp Bizkit,1222200000,5.0,0.38
Severina,1222200000,1.0,0.21
Leona Lewis,1221100000,4.0,0.27
Diljit Dosanjh,1219100000,3.0,0.38
Márcia Fellipe,1215600000,2.0,0.16
Omarion,1215500000,1.0,0.16
Bastille,1215300000,1.0,0.2
Brett Young,1215300000,2.0,0.38
Simple Plan,1213800000,4.0,0.24
Robin Thicke,1209300000,1.0,0.17
Austin Mahone,1207800000,2.0,0.09
Zé Ramalho,1204700000,3.0,0.35
Nipsey Hussle,1199500000,2.0,0.3
Jowell & Randy,1198400000,1.0,0.28
Liam Payne,1192800000,3.0,0.13
Amenazzy,1191000000,1.0,0.53
2Pac,1183200000,3.0,0.38
Mabel Matiz,1182800000,2.0,0.43
Bushido,1182700000,Não informado,0.13
Nick Jonas,1182000000,2.0,0.13
Dynoro,1180300000,1.0,0.14
Victor & Leo,1178900000,2.0,0.37
Mora,1177600000,2.0,2.48
Shinedown,1175500000,1.0,0.35
Baby K,1175400000,3.0,0.16
George Ezra,1175200000,4.0,0.25
Dire Straits,1175000000,5.0,0.47
Zak Chumpae,1174700000,3.0,0.04
Dhurata Dora,1174000000,1.0,0.23
Vicentico,1167900000,3.0,0.42
Sohail Sen,1167000000,2.0,0.31
Basshunter,1166800000,2.0,0.13
Otilia,1164400000,1.0,0.12
Mr. Children,1164300000,Não informado,0.55
Nightwish,1159600000,2.0,0.36
Jax Jones,1156100000,4.0,0.13
Benny Blanco,1153800000,2.0,0.26
Residente,1153100000,3.0,0.22
Ministério Zoe,1150100000,1.0,0.32
Sabrina Carpenter,1148800000,1.0,0.42
Disclosure,1145300000,3.0,0.17
Tomorrow X Together,1145300000,4.0,0.42
N Sync,1144500000,3.0,0.38
Felipe Peláez,1141400000,2.0,0.23
Miguel Bosé,1137200000,2.0,0.34
Sade,1134800000,3.0,0.46
Bonez MC,1128100000,3.0,0.28
Yellow Claw,1127700000,3.0,0.17
James Bay,1125500000,2.0,0.18
Alec Benjamin,1125400000,1.0,0.58
Lexa,1122500000,3.0,0.14
Banda Tierra Sagrada,1122100000,2.0,0.22
Club Dogo,1121900000,Não informado,0.24
Lady Antebellum,1121700000,2.0,0.26
Kid Cudi,1120800000,3.0,0.23
The Vamps,1117100000,2.0,0.12
August Alsina,1116500000,2.0,0.18
Momoland,1113200000,2.0,0.17
Survivor,1111900000,2.0,0.39
Amit Kumar,1111800000,2.0,0.24
The Verve,1107100000,1.0,0.33
Léo Magalhães,1101800000,1.0,0.34
MIKA,1100900000,2.0,0.17
Charli XCX,1100900000,3.0,0.14
Yella Beezy,1097700000,2.0,0.22
DVBBS,1094100000,1.0,0.07
Sam Hunt,1091500000,3.0,0.12
Aitana,1085000000,4.0,0.63
Ludacris,1084200000,1.0,0.19
Edward Maya,1083300000,2.0,0.28
Simge,1082300000,4.0,0.27
Birdy,1079300000,4.0,0.2
The 1975,1077900000,Não informado,0.4
Labrinth,1077900000,3.0,0.4
Mero,1077600000,2.0,0.32
Bhad Bhabie,1077300000,2.0,0.1
Alkilados,1077300000,4.0,0.18
The Rolling Stones,1076600000,Não informado,0.28
R. City,1076400000,1.0,0.14
Ben Fero,1073700000,3.0,0.23
Bazzi,1073700000,4.0,0.19
Gloria Groove,1072800000,2.0,0.53
Weird Al Yankovic,1070800000,2.0,0.23
Lizzo,1069300000,4.0,0.36
Keane,1068700000,2.0,0.55
Dan + Shay,1068300000,3.0,0.19
Boy Panomprai,1068000000,3.0,0.18
Anavitória,1067599999,3.0,0.24
Dillon Francis,1066400000,2.0,0.12
Bích Phương,1062800000,2.0,0.45
Hoobastank,1059800000,1.0,0.31
Wale,1058099999,3.0,0.22
Gym Class Heroes,1056700000,2.0,0.4
Sido,1056500000,Não informado,0.28
Alesso,1055400000,2.0,0.17
Mumford & Sons,1054599999,1.0,0.14
Sigala,1049599999,3.0,0.17
Lauren Daigle,1048099999,2.0,0.32
Kylie Minogue,1047000000,1.0,0.41
DJ Hamida,1046400000,1.0,0.16
Miguel,1046400000,4.0,0.42
Bigflo & Oli,1046000000,1.0,0.2
Spice Girls,1045900000,1.0,0.21
DMX,1045400000,3.0,0.31
Aleyna Tilki,1045000000,3.0,0.09
Mike Bahía,1042000000,4.0,0.46
Bobby Shmurda,1041900000,1.0,0.16
Aurora,1040400000,1.0,0.9
Cher Lloyd,1036099999,5.0,0.04
Blueface,1034500000,2.0,0.24
Dev Negi,1033900000,2.0,0.23
Pipe Bueno,1032800000,4.0,0.4
Siti Badriah,1031400000,1.0,0.09
Marama,1029500000,2.0,0.16
Param Singh,1029000000,1.0,0.25
Tiziano Ferro,1028400000,Não informado,0.2
Jannine Weigel,1028400000,1.0,0.06
Oliver Tree,1028000000,1.0,2.2
Kaaris,1027599999,2.0,0.1
Eurythmics,1027099999,1.0,0.48
Rocco Hunt,1026400000,3.0,0.5
Rich The Kid,1023800000,2.0,0.11
Glass Animals,1023700000,2.0,0.79
Bryant Oden,1022900000,2.0,0.14
Enzo Rabelo,1022500000,3.0,0.15
John Mayer,1019900000,2.0,0.25
Lost Frequencies,1018600000,3.0,0.15
Potato,1017100000,1.0,0.14
The Strokes,1016500000,3.0,0.29
ScHoolboy Q,1016400000,2.0,0.12
Jasmine Sandlas,1014400000,2.0,0.2
Ghali,1014400000,2.0,0.13
Darell,1014300000,2.0,0.37
Min,1013500000,5.0,0.17
Leslie Grace,1008600000,3.0,0.13
Alonzo,1003300000,2.0,0.1
Léo Santana,1002100000,1.0,0.38
Phan Mạnh Quỳnh,998900000,2.0,0.1
Bomba Estéreo,997600000,3.0,0.18
The Offspring,995100000,1.0,0.5
Ultimo,994700000,Não informado,0.33
Humberto e Ronaldo,993400000,1.0,0.35
Leandro Borges,993000000,1.0,0.44
João Neto e Frederico,991700000,2.0,0.06
Vegedream,991300000,1.0,0.51
Alex Campos,991200000,1.0,0.48
Sasa Kovacevic,985300000,Não informado,0.12
Fedez,984900000,2.0,0.23
Trúc Nhân,981400000,3.0,0.95
IZ*ONE,979600000,2.0,0.24
Café Tacvba,977500000,1.0,0.23
DNCE,975700000,3.0,0.16
Jack Harlow,969900000,2.0,0.42
Gen Hoshino,968000000,1.0,0.17
Papa Roach,966300000,2.0,0.22
Miranda Lambert,962700000,1.0,0.22
Olly Murs,962000000,3.0,0.13
Juan Luis Guerra,960000000,1.0,0.44
Wonder Girls,958400000,2.0,0.17
K Camp,957900000,2.0,0.2
Dido,957200000,2.0,0.42
Led Zeppelin,954200000,3.0,0.44
Jay-Z,953000000,1.0,0.56
Alex Sensation,952200000,2.0,0.18
Henrique & Diego,946900000,2.0,0.06
Sonu Nigam,945700000,2.0,0.48
Soobin Hoàng Sơn,942700000,1.0,0.22
Of Monsters and Men,940800000,1.0,0.15
João Bosco e Vinícius,940200000,2.0,0.23
Yash Narvekar,938100000,2.0,0.27
Creed,934900000,3.0,0.28
Vengaboys,934800000,3.0,0.34
Pooh Shiesty,933100000,2.0,0.43
Tony Kakkar,929500000,2.0,0.14
25hours,929300000,1.0,0.15
Monsta X,927800000,1.0,5.27
Abu,925700000,1.0,0.23
Boyz II Men,925500000,4.0,0.28
Axel,922900000,2.0,0.11
GFriend,922000000,Não informado,0.11
Ivete Sangalo,921200000,Não informado,0.2
Years & Years,917500000,2.0,0.13
Rachel Platten,915200000,2.0,0.14
RKM & Ken-Y,913800000,2.0,0.17
The Wanted,912400000,2.0,0.08
Pikotaro,910400000,3.0,0.15
John Lennon,908000000,4.0,0.23
Bump of Chicken,907300000,1.0,0.25
Savage Garden,902700000,3.0,0.32
Brad Paisley,902700000,2.0,0.15
MC Doni,902600000,3.0,0.15
Apink,902500000,Não informado,0.09
Julieta Venegas,902400000,2.0,0.39
Rich Gang,902100000,2.0,0.21
Tinie Tempah,900100000,2.0,0.11
RASA,900100000,2.0,0.63
Tame Impala,894800000,3.0,0.37
Why Don't We,892300000,1.0,0.19
Busta Rhymes,889300000,1.0,0.25
Capital Cities,889200000,2.0,0.26
Mahmut Orhan,888900000,3.0,0.19
Ana Carolina,885600000,2.0,0.25
KSI,885500000,1.0,0.07
AnnenMayKantereit,883800000,Não informado,0.36
Kenny Chesney,883500000,Não informado,0.15
Keen'V,883300000,1.0,0.22
Juicy J,882600000,1.0,0.11
Fat Joe,880900000,2.0,0.23
Steve Aoki,880900000,1.0,0.06
Seether,877700000,1.0,0.25
Fly Project,876900000,1.0,0.17
Michael Bolton,873200000,3.0,0.29
AOA,873100000,Não informado,0.09
Leo Rojas,873000000,2.0,0.22
Big Ass,872500000,2.0,0.18
Jamiroquai,869000000,1.0,0.22
TLC,866900000,3.0,0.22
Jess Glynne,862400000,4.0,0.15
Kiesza,862100000,2.0,0.14
King,860700000,2.0,4.93
Jassi Gill,860700000,1.0,0.12
Hamza Namira,858800000,2.0,0.36
Delia,858100000,Não informado,0.11
Tuğçe Kandemir,858000000,3.0,0.21
KC Rebell,854800000,Não informado,0.07
Ja Rule,852000000,3.0,0.28
Culture Club,849800000,2.0,0.25
Jay Sean,849500000,2.0,0.23
Vasco Rossi,846200000,Não informado,0.14
Marco Mengoni,845900000,2.0,0.18
Lilly Wood & The Prick,839100000,1.0,0.17
Daughtry,837700000,2.0,0.26
CKay,836700000,2.0,0.79
Mr Probz,835200000,1.0,0.18
gnash,834700000,1.0,0.2
deadmau5,834200000,Não informado,0.09
Vance Joy,833700000,1.0,0.19
Altamash Faridi,831900000,1.0,0.2
Midian Lima,827200000,2.0,0.24
Tinashe,825600000,1.0,0.11
Thaeme & Thiago,824600000,Não informado,0.05
Big Time Rush,824400000,1.0,0.08
NAV,823800000,Não informado,0.14
The Prodigy,823600000,1.0,0.2
ChocQuibTown,821900000,1.0,0.1
Maite Perroni,821200000,3.0,0.14
Lil Xan,821200000,2.0,0.09
X Ambassadors,820800000,2.0,0.19
Sum 41,820700000,2.0,0.17
365 DaBand,819000000,1.0,0.1
Tony Dize,818600000,2.0,0.25
BNK48,817600000,2.0,0.09
PnB Rock,817000000,Não informado,0.13
O.T. Genasis,816700000,2.0,0.08
KYLE,815000000,2.0,0.09
Far East Movement,814900000,2.0,0.1
J Soul Brothers,813100000,1.0,0.05
Hebe Tien,811700000,1.0,0.04
The Cure,811600000,1.0,0.26
EXID,809500000,1.0,0.08
Oras Sattar,807900000,1.0,0.12
Faydee,806300000,1.0,0.15
Burak Yeter,805300000,1.0,0.19
Sekai no Owari,802900000,1.0,0.15
Kodaline,800700000,2.0,0.24
T-ara,799100000,Não informado,0.15
La Quinta Estación,797900000,1.0,0.24
Mario,797100000,2.0,0.28
Loredana Zefi,795700000,Não informado,0.09
Sophia Grace,794800000,1.0,0.03
Il Volo,794500000,1.0,0.17
Polina Gagarina,794000000,1.0,0.24
T_T,792700000,2.0,0.05
Deorro,790000000,2.0,0.1
Redfoo,789700000,2.0,0.14
Eric Clapton,789300000,2.0,0.27
SanLuis,787500000,2.0,0.19
Atitude 67,786300000,1.0,0.15
Rusherking,786100000,2.0,1.14
SCH,785300000,1.0,0.11
Måneskin,785000000,2.0,0.58
The White Stripes,784400000,1.0,0.3
Weezer,782400000,1.0,0.18
Pia Mia,782200000,1.0,0.1
Queen Naija,780500000,2.0,0.26
Niall Horan,777300000,1.0,0.11
Kalash,777200000,1.0,0.14
Douzi,775700000,Não informado,0.17
Kool & The Gang,775200000,4.0,0.23
Breaking Benjamin,774700000,1.0,0.2
M83,774000000,2.0,0.22
Stormzy,772500000,2.0,0.22
JustaTee,770900000,3.0,0.31
Nicky Romero,770100000,1.0,0.03
Spitz,765600000,1.0,0.19
AAA,764600000,2.0,0.07
GTK,763700000,2.0,0.1
Takagi & Ketra,763500000,3.0,0.08
MC Hammer,763100000,1.0,0.18
Pepe Quintana,759000000,3.0,0.15
Cascada,758700000,1.0,0.1
Kungs,758300000,1.0,0.23
Osmani Garcia,758100000,1.0,0.08
Pet Shop Boys,757500000,2.0,0.3
Bullet For My Valentine,756500000,1.0,0.16
Rich Homie Quan,755200000,2.0,0.13
Central Cee,752300000,1.0,1.57
Marcela Gándara,749700000,2.0,0.23
Alessandra Amoroso,749100000,1.0,0.16
Bob Sinclar,746900000,2.0,0.25
Irama,746000000,2.0,0.33
Keri Hilson,743500000,2.0,0.16
Çağatay Akman,742700000,2.0,0.05
Sofia Carson,742000000,3.0,0.24
O Rappa,741200000,1.0,0.19
Paulina Rubio,740300000,1.0,0.14
Tiago Iorc,739700000,2.0,0.14
La Factoría,738100000,1.0,0.22
PARTYNEXTDOOR,737600000,2.0,0.28
Ozan Doğulu,736400000,2.0,0.08
Pawni Pandey,734100000,1.0,0.2
Murat Boz,727900000,2.0,0.13
John Denver,727100000,1.0,0.18
Leonard Cohen,726700000,2.0,0.22
Utada Hikaru,723900000,Não informado,0.4
Heart,723200000,2.0,0.32
Thiago Brava,721000000,1.0,0.03
Within Temptation,719900000,1.0,0.2
A Great Big World,719500000,1.0,0.13
KAZKA,716600000,1.0,0.15
JayDaYoungan,716300000,1.0,0.29
Silva Gunbardhi,714300000,1.0,0.13
City Girls,712300000,1.0,0.19
Oriente,706500000,2.0,0.14
Andy & Lucas,703800000,2.0,0.23
Bloodhound Gang,700200000,1.0,0.1
Louis Tomlinson,699400000,1.0,0.07
Ece Seçkin,698800000,3.0,0.06
Prince,696700000,Não informado,0.35
Duran Duran,696400000,1.0,0.37
Jovanotti,696100000,Não informado,0.11
La Fouine,695900000,Não informado,0.12
Jordin Sparks,695000000,1.0,0.21
Extreme,693300000,1.0,0.22
Gabriel Diniz,692700000,2.0,0.09
Pearl Jam,691800000,2.0,0.18
The Fray,691100000,2.0,0.1
Snow Patrol,690500000,1.0,0.12
Modà,690300000,Não informado,0.14
Haikaiss,689800000,1.0,0.07
Nico & Vinz,688800000,1.0,0.16
Paty Cantú,687700000,Não informado,0.09
Travie McCoy,686400000,1.0,0.12
OrelSan,685500000,1.0,0.16
Marina and the Diamonds,684700000,1.0,0.12
Goo Goo Dolls,683900000,1.0,0.3
MC Rodolfinho,681300000,2.0,0.06
Rise Against,680500000,2.0,0.1
LOONA,680100000,Não informado,0.11
Lily Allen,679100000,2.0,0.09
Kyary Pamyu Pamyu,678200000,1.0,0.07
UB40,677400000,1.0,0.19
India Martínez,675100000,2.0,0.33
Nicole Scherzinger,674400000,1.0,0.06
Lilly Goodman,673900000,1.0,0.22
Staind,673600000,2.0,0.2
Blue,672600000,3.0,0.38
Little Big Town,672100000,2.0,0.15
t.A.T.u.,669800000,2.0,0.22
The Chipettes,668600000,1.0,0.04
Trio Parada Dura,667300000,2.0,0.3
Julia Michaels,666900000,1.0,0.08
Bảo Anh,665700000,1.0,0.08
IAmChino,665000000,1.0,0.07
Helene Fischer,664400000,Não informado,0.2
Rema,664100000,1.0,1.82
DJ Antoine,662300000,1.0,0.06
The Fugees,661400000,2.0,0.5
M.I.A.,661200000,2.0,0.14
Biel,658700000,1.0,0.02
Monica,658600000,2.0,0.21
Burak King,658300000,2.0,0.1
Mustard,658000000,2.0,0.13
Dawin,657600000,2.0,0.06
Lali,657300000,1.0,0.15
Perfume,656300000,Não informado,0.08
Isaias Saad,655400000,1.0,0.65
Sak Noel,654900000,1.0,0.1
Yemi Alade,654500000,1.0,0.13
K.A.R.D,654200000,Não informado,0.11
Ace of Base,653600000,3.0,0.28
Maxim Fadeev,653200000,2.0,0.16
Daoko,652600000,1.0,0.14
Adam Lambert,650700000,2.0,0.19
Ace Hood,650000000,1.0,0.08
KeBlack,648600000,2.0,0.06
Cleber e Cauan,648300000,1.0,0.11
Norm Ender,648000000,1.0,0.12
Feduk,645300000,2.0,0.11
Sophana,645000000,3.0,0.16
Reyli Barba,644300000,1.0,0.14
Anna Kendrick,642800000,1.0,0.04
Cro,640400000,Não informado,0.05
Madcon,640000000,3.0,0.11
Martin Solveig,639800000,2.0,0.04
Saif Nabeel,636500000,2.0,0.16
SDP,635200000,Não informado,0.14
Kevvo,632800000,1.0,0.17
Felix Jaehn,632100000,1.0,0.16
Block B,630200000,Não informado,0.05
Shiina Ringo,629700000,Não informado,0.17
BABYMETAL,628600000,1.0,0.14
Armada,626600000,2.0,0.16
Magic System,626500000,1.0,0.2
Dierks Bentley,624300000,1.0,0.1
The Black Keys,622400000,1.0,0.12
Sarah Farias,621500000,2.0,0.24
MGMT,621300000,3.0,0.17
Fabio Rovazzi,621200000,3.0,0.04
Smash Mouth,617400000,1.0,0.17
Sakanaction,615200000,1.0,0.12
Mark Forster,614500000,1.0,0.08
Summer Cem,614400000,1.0,0.07
Iyaz,613300000,2.0,0.2
Livres,612200000,1.0,0.18
Bella Poarch,611900000,2.0,0.4
Fabri Fibra,611500000,Não informado,0.14
Dean Lewis,611000000,2.0,0.45
Alanis Morissette,610700000,1.0,0.18
AWOLNATION,610200000,1.0,0.11
Tayrone,608700000,1.0,0.6
Amit Mishra,608600000,2.0,0.06
Bizzey,607400000,1.0,0.09
RIDSA,604900000,1.0,0.14
Masked Wolf,604900000,2.0,0.21
Vũ Duy Khánh,603600000,1.0,0.04
Lola Indigo,601700000,1.0,0.53
Stefflon Don,601400000,2.0,0.1
2PM,599800000,Não informado,0.07
Beast,599500000,1.0,0.07
R.I.O.,599300000,1.0,0.03
Pentagon,599200000,1.0,0.07
Noah Cyrus,597400000,2.0,0.08
Gradur,597100000,2.0,0.05
Millind Gaba,596700000,1.0,0.13
Sylwia Grzeszczak,596500000,1.0,0.11
ZAZ,596300000,Não informado,0.17
BlocBoy JB,595700000,1.0,0.07
Max Jenmana,595100000,2.0,0.07
Kat DeLuna,594600000,2.0,0.08
Louane,591800000,Não informado,0.11
Vázquez Sounds,589900000,1.0,0.04
Alexio La Bestia,587500000,2.0,0.24
Sumit Goswami,586900000,1.0,0.08
Blondie,586700000,1.0,0.31
Loubet,584800000,Não informado,0.12
BOL4,583900000,1.0,0.15
ZHU,583800000,2.0,0.18
Lil Jon,583600000,2.0,0.14
Netta,583500000,2.0,0.22
The Smashing Pumpkins,583100000,1.0,0.18
Charlie Brown Jr.,580100000,1.0,0.2
Nekfeu,579300000,1.0,0.07
Rascal Flatts,575700000,1.0,0.1
miss A,574800000,1.0,0.06
Khaled,574500000,1.0,0.27
Matchbox Twenty,573900000,1.0,0.18
DeJ Loaf,572900000,2.0,0.13
Cheat Codes,571400000,2.0,0.07
E-Girls,568200000,Não informado,0.03
Luther Vandross,565000000,2.0,0.21
Ligabue,564900000,Não informado,0.07
Girl's Day,563400000,Não informado,0.06
Enya,561300000,1.0,0.22
Zay & Zayion,559600000,1.0,0.03
Mithoon,559100000,1.0,0.21
MC Brinquedo,558400000,1.0,0.04
Emis Killa,558000000,Não informado,0.08
The Calling,557400000,1.0,0.13
Bone Thugs-N-Harmony,557200000,2.0,0.13
Hoàng Thuỳ Linh,556900000,1.0,0.58
Ahmed Chawki,556100000,2.0,0.07
Kelly Rowland,554300000,1.0,0.1
D.R.A.M.,553200000,1.0,0.05
Portugal. The Man,553000000,1.0,0.09
Scooter,551800000,Não informado,0.09
WALK THE MOON,551500000,1.0,0.08
Empire Of The Sun,551200000,3.0,0.18
George Strait,550900000,1.0,0.23
Ashanti,550300000,1.0,0.17
Aminé,548300000,1.0,0.06
Bow Wow,547400000,2.0,0.11
Rochak Kohli,546400000,1.0,0.01
Sara Bareilles,545300000,2.0,0.08
Y2K,545200000,1.0,0.11
f(x),544900000,1.0,0.04
The All-American Rejects,544700000,2.0,0.09
Kay One,544600000,2.0,0.04
Lary Over,543400000,1.0,0.05
K'Naan,541500000,1.0,0.32
Sevyn Streeter,537900000,1.0,0.11
Malú,537600000,Não informado,0.06
Bridgit Mendler,536700000,2.0,0.04
back number,536600000,1.0,0.01
Bob Dylan,535299999,Não informado,0.2
Eiffel 65,534700000,2.0,0.09
Colbie Caillat,533299999,1.0,0.07
Erol Evgin,532299999,1.0,0.08
Wanna One,531200000,1.0,0.04
GReeeeN,531100000,Não informado,0.1
Heuss L'Enfoiré,531000000,2.0,0.2
Chi Dân,528299999,1.0,0.03
Pollo,527700000,2.0,0.09
Marracash,526700000,Não informado,0.28
Pusho,526600000,1.0,0.03
Richard Marx,526000000,1.0,0.21
R-chord,524500000,Não informado,0.07
Playboi Carti,524000000,1.0,0.11
Derya Uluğ,521900000,2.0,0.1
Sławomir,521900000,1.0,0.04
UM44K,519600000,2.0,0.06
Coez,519000000,1.0,0.13
Ailee,518799999,1.0,0.09
Kemilly Santos,517000000,1.0,0.12
Sinéad O'Connor,516299999,2.0,0.25
Queens of the Stone Age,515500000,1.0,0.1
Beastie Boys,515500000,1.0,0.11
Jacob Forever,515299999,2.0,0.15
Judas Priest,514299999,Não informado,0.19
Playa Limbo,514100000,1.0,0.09
Johnny Cash,513900000,2.0,0.28
Jimi Hendrix,513600000,1.0,0.13
Soundgarden,512600000,1.0,0.14
Annalisa,511600000,Não informado,0.26
Simon & Garfunkel,510000000,1.0,0.17
Meat Loaf,508100000,1.0,0.19
Paloma Mami,508000000,2.0,0.16
Jefferson Moraes,506900000,1.0,0.06
Aun Feeble Heart,505500000,1.0,0.03
Emma Marrone,503200000,Não informado,0.08
Bonde da Stronda,502700000,1.0,0.06
Starship,499300000,2.0,0.33
K. Michelle,499000000,Não informado,0.06
Munhoz & Mariano,498600000,1.0,0.03
Lilit Hovhannisyan,498000000,1.0,0.12
Cole Swindell,496600000,1.0,0.19
The xx,496000000,Não informado,0.06
Zendaya,495100000,1.0,0.05
Hayley Kiyoko,495000000,1.0,0.07
Fleetwood Mac,494900000,Não informado,0.36
Elisa,492400000,Não informado,0.1
Zaho,492100000,1.0,0.2
OK Go,490600000,Não informado,0.04
Boef,490500000,Não informado,0.17
Momoiro Clover Z,489900000,Não informado,0.08
Lou Bega,489700000,1.0,0.16
Amir,488800000,2.0,0.14
Ayumi Hamasaki,487400000,Não informado,0.14
Young Money,487000000,1.0,0.07
Hinder,486000000,1.0,0.12
Theory of a Deadman,485400000,1.0,0.06
Rage Against The Machine,484700000,1.0,0.19
Colonel Reyel,484400000,1.0,0.04
Gülben Ergen,484300000,1.0,0.09
TVXQ,482900000,Não informado,0.07
Take That,482200000,Não informado,0.14
Las Ketchup,481900000,2.0,0.18
Andreas Gabalier,481800000,1.0,0.07
Gliss,481700000,2.0,0.02
Showtek,480900000,2.0,0.02
KARA,478700000,1.0,0.18
Diddy – Dirty Money,478300000,1.0,0.06
Deep Purple,476900000,2.0,0.18
Karmin,475100000,1.0,0.07
Vanilla Ice,474200000,1.0,0.16
Ton Carfi,473700000,2.0,0.24
Negramaro,472100000,Não informado,0.07
Nimo,472000000,Não informado,0.07
Mohombi,471200000,2.0,0.08
Retrospect,470700000,1.0,0.04
Luma Elpidio,470000000,2.0,0.12
Big Shaq,469900000,1.0,0.04
Bappi Lahiri,469900000,1.0,0.08
BTOB,468200000,Não informado,0.08
Sachet Tandon,466200000,1.0,0.12
Kell Smith,463300000,1.0,0.1
Eva,462500000,1.0,0.07
Cheryl,459300000,Não informado,0.03
Blackstreet,458700000,1.0,0.16
Fridaynight to Sunday,458400000,1.0,0.1
Hilary Duff,458200000,Não informado,0.03
Belanova,458000000,1.0,0.22
A.R. Rahman,455700000,1.0,0.07
Hương Tràm,455100000,2.0,0.06
Sam Tsui,455100000,Não informado,0.02
Akcent,451100000,1.0,0.03
Sigma,451000000,1.0,0.03
Parampara Tandon,450900000,1.0,0.11
Discopraise,450600000,1.0,0.09
MØ,449700000,1.0,0.04
Billy Currington,448700000,1.0,0.09
Grimes,448600000,Não informado,0.17
Anaïs Delva,447900000,1.0,0.05
Jaden Smith,447900000,1.0,0.04
MC Guimê,446900000,1.0,0.03
Vald,446500000,1.0,0.04
Grace,446100000,1.0,0.07
Alligatoah,445700000,Não informado,0.07
Chance the Rapper,445400000,1.0,0.05
Sugarland,442300000,1.0,0.07
Salmo,439700000,Não informado,0.09
Konshens,439700000,1.0,0.06
Ofenbach,439200000,2.0,0.08
Whitesnake,438000000,2.0,0.09
Eve,437800000,1.0,0.16
Simple Minds,434800000,1.0,0.16
Rob Zombie,433300000,1.0,0.13
Lalo Ebratt,431700000,1.0,0.06
Paloma Faith,430300000,1.0,0.37
Güliz Ayla,428100000,2.0,0.05
Francesco Gabbani,427900000,1.0,0.03
Yinglee Srijumpol,427300000,1.0,0.04
Banda Vingadora,426100000,1.0,0.05
Chung Ha,424700000,Não informado,0.05
December Avenue,424000000,2.0,0.13
Jojo Maronttinni,423000000,1.0,0.03
Aaliyah,422400000,Não informado,0.03
Skylar Grey,421700000,1.0,0.06
K-Ci & JoJo,420400000,1.0,0.11
Jay Rock,419600000,1.0,0.05
Tyrese,418800000,1.0,0.14
Maejor Ali,418300000,1.0,0.03
Anastacia,417900000,Não informado,0.13
Elettra Lamborghini,417100000,1.0,0.05
Onze:20,416100000,Não informado,0.04
Janet Jackson,416000000,Não informado,0.21
Rei,414900000,1.0,0.88
Lil' Kleine,413200000,Não informado,0.03
Veysel,412200000,Não informado,0.06
Toygar Işıklı,411200000,1.0,0.11
Route 94,410200000,1.0,0.11
Sheck Wes,409600000,1.0,0.1
3OH!3,409400000,1.0,0.03
P-HOT,408500000,1.0,0.05
Aastha Gill,404900000,1.0,0.13
Counting Crows,401900000,1.0,0.13
Max Pezzali,400700000,Não informado,0.12
Bella Thorne,400400000,1.0,0.02
Cher,400000000,1.0,0.4
Eypio,399100000,1.0,0.06
Metro Boomin,398600000,Não informado,1.0
Tokio Hotel,398400000,Não informado,0.05
Vanessa Carlton,397900000,1.0,0.09
Eva Simons,396700000,1.0,0.04
Łobuzy,396500000,2.0,0.11
Mario Bautista,395800000,1.0,0.08
Village People,395600000,1.0,0.07
Example,394500000,1.0,0.04
Thegiornalisti,394300000,1.0,0.07
Massive Attack,394000000,Não informado,0.08
Tom Petty,393400000,1.0,0.12
Sarah Connor,391600000,Não informado,0.08
Emeli Sandé,391600000,Não informado,0.04
Grebz,390100000,1.0,0.04
Lamyai Haithongkham,390000000,1.0,0.02
Infinite,388100000,Não informado,0.04
The Band Perry,387900000,1.0,0.05
MC Tati Zaqui,387800000,Não informado,0.02
Shivam Pathak,385500000,1.0,0.1
Lifehouse,384700000,1.0,0.06
Azealia Banks,383300000,1.0,0.03
VIXX,382600000,Não informado,0.03
Normani,382000000,2.0,0.14
Lupe Fiasco,381800000,1.0,0.04
Nargiz,381200000,1.0,0.05
Natalie Imbruglia,380200000,1.0,0.11
Jazmine Sullivan,378700000,Não informado,0.17
Thepparit Imsudsumran,377400000,1.0,0.03
Nek,373900000,1.0,0.1
Vitaa,373600000,1.0,0.07
Kavinsky,371000000,1.0,0.08
American Authors,369200000,1.0,0.05
Dosseh,367900000,Não informado,0.04
James Morrison,367500000,1.0,0.04
Namika,367400000,1.0,0.05
La Ley,367000000,1.0,0.08
Gesu no Kiwami Otome,366100000,Não informado,0.03
Kelsea Ballerini,365900000,Não informado,0.09
Tom and Angela,365100000,1.0,0.01
K.Will,364500000,1.0,0.09
Giorgia,363700000,Não informado,0.05
Woodkid,363100000,1.0,0.08
Beck,361900000,1.0,0.08
Bomfunk MC's,361500000,1.0,0.12
Enigma,360200000,1.0,0.11
Gnarls Barkley,358100000,2.0,0.24
Alice Cooper,358000000,1.0,0.08
Guru Josh,357700000,1.0,0.1
Matt Hunter,357700000,1.0,0.02
Alice Merton,357100000,1.0,0.08
Cassie,356800000,1.0,0.1
Seeed,356500000,Não informado,0.06
Bad Meets Evil,353900000,2.0,0.06
Marc Seguí,353600000,1.0,0.29
Rebecca Black,353600000,1.0,0.02
Ruth B,353500000,1.0,0.11
London Grammar,352900000,Não informado,0.09
Priyanka Chopra,351900000,1.0,0.05
RUN-DMC,350900000,1.0,0.09
Arizona Zervas,350800000,1.0,0.1
Warren G,350700000,1.0,0.1
Mika Singh,350300000,1.0,0.08
Margaret,349800000,Não informado,0.04
Twister El Rey,347700000,1.0,0.04
Technotronic,347100000,1.0,0.12
Kate Bush,346200000,1.0,0.26
Gianluca Vacchi,345600000,1.0,0.03
Hurts,343400000,Não informado,0.05
Amy Macdonald,340600000,1.0,0.12
Farid Bang,340500000,Não informado,0.04
Claudio Capéo,339400000,1.0,0.07
Sage The Gemini,339000000,2.0,0.02
Icona Pop,336900000,1.0,0.05
Apocalyptica,335400000,Não informado,0.12
Ketsumeishi,335000000,2.0,0.06
MC João,331900000,1.0,0.03
Superfly,329900000,1.0,0.07
Lena,329000000,Não informado,0.03
Tacabro,326700000,2.0,0.05
Yohani,326400000,1.0,0.07
Sukima Switch,325800000,1.0,0.06
Natasha Bedingfield,323200000,1.0,0.06
Janelle Monáe,320700000,Não informado,0.04
Wagakki Band,319800000,1.0,0.04
Feder,318000000,2.0,0.06
CLC,317500000,Não informado,0.03
Klingande,316400000,1.0,0.02
Ryan Higa,314000000,Não informado,0.01
Adel Tawil,312800000,Não informado,0.04
Echosmith,312500000,1.0,0.05
Misia,311800000,Não informado,0.08
Alien Ant Farm,311500000,1.0,0.11
Wyclef Jean,310900000,2.0,0.09
Cee Lo Green,310200000,1.0,0.03
Ronnie Flex,307200000,Não informado,0.02
Evaluna Montaner,306500000,2.0,0.03
Paolo Nutini,306100000,Não informado,0.06
Robyn,306000000,Não informado,0.04
Claudia Leitte,305400000,Não informado,0.03
Elle King,304500000,1.0,0.1
Salt-N-Pepa,304300000,2.0,0.08
Vanessa Hudgens,303000000,1.0,0.01
Lykke Li,302500000,Não informado,0.03
Ashley Tisdale,302500000,Não informado,0.01
Francesco Renga,302100000,Não informado,0.03
Jidenna,301400000,Não informado,0.03
MC Gui,301300000,Não informado,0.01
Rednex,300600000,1.0,0.13
Belinda,299800000,Não informado,0.06
Die Toten Hosen,297700000,Não informado,0.08
Pacheco,295600000,1.0,0.02
Ermal Meta,294600000,Não informado,0.04
Shontelle,293700000,1.0,0.04
The Veronicas,293500000,1.0,0.05
Israel Novaes,293300000,Não informado,0.02
The-Dream,292200000,Não informado,0.06
Olexesh,290800000,1.0,0.04
Manu Gavassi,289600000,Não informado,0.02
DJ Sem,288600000,1.0,0.02
Gianluca Grignani,287200000,1.0,0.34
Flower,287100000,Não informado,0.06
Bausa,286000000,1.0,0.04
Hooverphonic,285600000,1.0,0.1
Trịnh Đình Quang,285100000,1.0,0.02
Kelis,284300000,Não informado,0.06
Near,283200000,1.0,0.04
O-Zone,282700000,1.0,0.12
Robert Miles,282100000,1.0,0.1
Chyno Miranda,281900000,1.0,0.02
Afroman,280800000,1.0,0.11
Aloe Blacc,280000000,Não informado,0.03
Estelle,279800000,1.0,0.08
Brandon Beal,279500000,1.0,0.05
Kardinal Offishall,279500000,1.0,0.09
BoA,279300000,Não informado,0.05
Cleopatra Stratan,278900000,Não informado,0.08
Stereoact,277700000,1.0,0.03
Veysel Mutlu,277400000,1.0,0.03
Isyana Sarasvati,276400000,1.0,0.05
Jeff Buckley,273400000,1.0,0.05
Plain White T's,272200000,Não informado,0.03
Darude,270200000,1.0,0.06
N.E.R.D,268500000,1.0,0.03
MCs Pikeno e Menor,268399999,1.0,0.0
Natalie La Rose,268399999,1.0,0.02
Midnight Oil,267300000,1.0,0.08
Charly Black,266200000,Não informado,0.05
Daniel Powter,266000000,1.0,0.07
Arcade Fire,265100000,Não informado,0.05
Hunter Hayes,264700000,Não informado,0.04
Anastasija Ražnatović,264600000,Não informado,0.03
Faithless,264100000,1.0,0.16
Doğukan Manço,264100000,1.0,0.02
After School,261100000,1.0,0.08
Paweł Domagała,259800000,1.0,0.03
Marteria,258700000,Não informado,0.02
Kristína,258300000,Não informado,0.02
Anahí,256100000,Não informado,0.11
Phillip Phillips,254800000,1.0,0.04
NU'EST,253400000,1.0,0.04
Clementino,253400000,Não informado,0.02
Ayse Hatun Önal,252000000,1.0,0.02
David Bowie,251900000,Não informado,0.05
Cobra Starship,251200000,1.0,0.02
Spyair,249300000,Não informado,0.05
Ella Henderson,248100000,1.0,0.02
Wheatus,246400000,1.0,0.08
Hanson,244000000,1.0,0.05
Dev,243800000,Não informado,0.01
B.A.P,242600000,Não informado,0.02
Francesca Michielin,241200000,Não informado,0.03
Nick Cave & The Bad Seeds,240200000,Não informado,0.07
Hoa Vinh,239200000,1.0,0.12
Kiiara,237800000,1.0,0.04
Mylène Farmer,237600000,Não informado,0.09
Ayaka,237200000,Não informado,0.03
Tay Zonday,236300000,1.0,0.01
Giusy Ferreri,234700000,Não informado,0.04
Alle Farben,233500000,Não informado,0.02
I LOVE MAKONNEN,233200000,1.0,0.04
Marvin Gaye,233000000,1.0,0.08
Paul McCartney,232400000,Não informado,0.1
Max Gazzè,232300000,Não informado,0.03
Kwabs,232000000,1.0,0.03
Cesare Cremonini,231400000,Não informado,0.06
Ráfaga,230400000,Não informado,0.05
Yeah Yeah Yeahs,230300000,Não informado,0.08
Ghetto Phénomène,230100000,1.0,0.02
Willow Smith,230000000,1.0,0.1
MC Lon,229300000,Não informado,0.02
La Joaqui,229100000,Não informado,1.75
Martin Tungevaag,227600000,1.0,0.02
Glasperlenspiel,226600000,1.0,0.03
Daya,222600000,Não informado,0.02
HAIM,220400000,Não informado,0.03
Max Giesinger,219700000,Não informado,0.03
amazarashi,219600000,Não informado,0.05
Gestört aber GeiL,219200000,Não informado,0.02
Alex Mica,217400000,1.0,0.02
GloRilla,216500000,Não informado,0.86
Steps,215400000,Não informado,0.11
Juan Karlos,213400000,1.0,0.04
Xantos,212700000,1.0,0.03
David Archuleta,212600000,1.0,0.04
Pardison Fontaine,210200000,1.0,0.04
Soul Asylum,209500000,1.0,0.07
Crayon Pop,208600000,Não informado,0.02
Dulce María,207300000,Não informado,0.03
Loreen,207300000,1.0,0.03
MC Bin Laden,206400000,1.0,0.01
Valesca Popozuda,206000000,1.0,0.02
Snakehips,205900000,Não informado,0.02
Pietro Lombardi,204100000,Não informado,0.02
Duffy,203200000,Não informado,0.02
Psirico,201100000,1.0,0.04
Alex Clare,200800000,Não informado,0.02
The Avener,200500000,Não informado,0.04
